﻿<?xml version="1.0" encoding="utf-8"?>
<!DOCTYPE article SYSTEM "JATS-archivearticle1-mathml3.dtd">
<article dtd-version="1.2d1" article-type="Rapid Communication">
  <front>
    <journal-meta>
      <journal-id journal-id-type="publisher">ANDREWDEV170</journal-id>
      <journal-id journal-id-type="email">trashjo@ariessys.com</journal-id>
      <journal-title-group>
        <journal-title>Andrew's 17.0 Dev Site</journal-title>
      </journal-title-group>
      <issn pub-type="ppub">0000-000Y</issn>
      <issn pub-type="epub"></issn>
    </journal-meta>
    <article-meta>
      <article-id pub-id-type="publisher-id"></article-id>
      <article-id pub-id-type="manuscript"></article-id>
      <article-id pub-id-type="doi">chrisdev91.124</article-id>
      <article-id pub-id-type="global-manuscript-id">EM_ANDREWDEV141_C_2926</article-id>
      <article-id pub-id-type="internal-id">2926</article-id>
      <article-categories>
        <subj-group subj-group-type="Article Type">
          <subject>Rapid Communication</subject>
        </subj-group>
      </article-categories>
      <title-group>
        <article-title>MECA Test Article</article-title>
      </title-group>
      <contrib-group>
        <contrib contrib-type="author" corresp="yes">
          <role content-type="1" />
          <name>
            <surname>Mary</surname>
            <given-names>Mary</given-names>
            <prefix>Ms</prefix>
          </name>
          <contrib-id contrib-id-type="isni">aisni</contrib-id>
          <contrib-id contrib-id-type="pubmed">b</contrib-id>
          <contrib-id contrib-id-type="researcherid">c</contrib-id>
          <contrib-id contrib-id-type="scopusid">d</contrib-id>
          <degrees>PhD, MD</degrees>
          <email>trash1@ariessc.com</email>
          <xref ref-type="aff" rid="aff1" />
        </contrib>
        <contrib contrib-type="author">
          <role content-type="3" />
          <name>
            <surname>Author2</surname>
            <given-names>Test</given-names>
          </name>
          <email>trash@ariessc.com</email>
          <xref ref-type="aff" rid="aff2" />
        </contrib>
        <aff id="aff1">
          <institution>Institution in this spot</institution>
          <institution content-type="position">Position in this spot</institution>
          <institution content-type="dept">Department in this spot</institution>
          <addr-line content-type="addrline1">200 Sutton St</addr-line>
          <country>UNITED STATES</country>
          <addr-line content-type="city">North Andover</addr-line>
          <addr-line content-type="state">Ma</addr-line>
          <addr-line content-type="zipcode">01845</addr-line>
          <phone content-type="primary">978-975-7570</phone>
        </aff>
        <aff id="aff2">
          <country>UNITED STATES</country>
        </aff>
      </contrib-group>
      <ext-link xlink:href="gitsequence.txt" xlink:title="test manuscript file" specific-use="manuscript" xmlns:xlink="http://www.w3.org/1999/xlink" />
      <history>
        <date date-type="received">
          <day>07</day>
          <month>03</month>
          <year>2022</year>
        </date>
      </history>
      <abstract>
        <p>Abstract</p>
      </abstract>
      <funding-group />
      <counts>
        <fig-count count="0" />
      </counts>
      <custom-meta-group>
        <custom-meta>
          <meta-name>Black and White Image Count</meta-name>
          <meta-value>0</meta-value>
        </custom-meta>
        <custom-meta>
          <meta-name>Color Image Count</meta-name>
          <meta-value>0</meta-value>
        </custom-meta>
        <custom-meta>
          <meta-name>Book Part Type</meta-name>
          <meta-value>4A</meta-value>
        </custom-meta>
        <custom-meta id="Figures-ID">
          <meta-name>Figures</meta-name>
          <meta-value>0</meta-value>
        </custom-meta>
        <custom-meta>
          <meta-name>Color Figures</meta-name>
          <meta-value>0</meta-value>
        </custom-meta>
        <custom-meta>
          <meta-name>Online-only Figures</meta-name>
          <meta-value>0</meta-value>
        </custom-meta>
        <custom-meta>
          <meta-name>Online-only Color Figures</meta-name>
          <meta-value>0</meta-value>
        </custom-meta>
        <custom-meta>
          <meta-name>Tables</meta-name>
          <meta-value>0</meta-value>
        </custom-meta>
        <custom-meta>
          <meta-name>Online-only Tables</meta-name>
          <meta-value>0</meta-value>
        </custom-meta>
        <custom-meta id="Text-Pages-ID">
          <meta-name>Text Pages</meta-name>
          <meta-value>0</meta-value>
        </custom-meta>
        <custom-meta>
          <meta-name>Est. Printed Pages</meta-name>
          <meta-value>0</meta-value>
        </custom-meta>
        <custom-meta>
          <meta-name>Copyright Statement</meta-name>
          <meta-value>435453534</meta-value>
        </custom-meta>
        <custom-meta>
          <meta-name>Additional Manuscript Detail</meta-name>
          <meta-value>01-01-2008</meta-value>
        </custom-meta>
      </custom-meta-group>
    </article-meta>
  </front>
  <body />
</article>