﻿<?xml version="1.0" encoding="utf-8"?>
<!DOCTYPE manifest SYSTEM "MECA_manifest.dtd">
<manifest xmlns:xsd="http://www.w3.org/2001/XMLSchema" xmlns:xsi="http://www.w3.org/2001/XMLSchema-instance" version="1.0" xmlns="http://meca.org/manifest">
  <item type="Manuscript">
    <description>test manuscript file</description>
    <file-order>1</file-order>
    <instance media-type="text/plain" href="gitsequence.txt" />
  </item>
  <item type="review-metadata">
    <instance media-type="application/xml" href="reviews.xml" />
  </item>
  <item type="transfer-metadata">
    <instance media-type="application/xml" href="transfer.xml" />
  </item>
  <item type="article-metadata">
    <instance media-type="application/xml" href="article.xml" />
  </item>
  <item type="system-pdf">
    <instance media-type="application/pdf" href="ANDREWDEV141_C-S-17-00004.pdf" />
  </item>
  <item type="manifest-metadata">
    <instance media-type="application/xml" href="manifest.xml" />
  </item>
</manifest>