﻿<?xml version="1.0" encoding="utf-8"?>
<!DOCTYPE transfer SYSTEM "MECA_transfer.dtd">
<transfer version="1.0" xmlns="http://meca.org/transfer">
  <source>
    <service-provider>
      <provider-name>Aries Systems</provider-name>
    </service-provider>
    <publication type="journal">
      <title>Andrew's 17.0 Dev Site</title>
      <acronym>ANDREWDEV170</acronym>
      <contact role="">
        <contact-name>
          <surname />
          <given-names />
        </contact-name>
        <email>trashjo@ariessys.com</email>
        <phone />
      </contact>
    </publication>
  </source>
  <destination>
    <service-provider />
    <publication>
      <title />
      <acronym />
    </publication>
    <security>
      <authentication-code />
    </security>
  </destination>
  <processing-instructions />
</transfer>